ORDERNUMBER;QUANTITYORDERED;PRICEEACH
10107;30;95.7
10121;34;81.35
10134;41;94.74
10145;45;83.26
10159;49;100
10168;36;96.66
10180;29;86.13
10188;48;100
10201;22;98.57
10211;41;100
10223;37;100
10237;23;100
10251;28;100
10263;34;100
10275;45;92.83
10285;36;100
10299;23;100
10309;41;100
10318;46;94.74
10329;42;100
10341;41;100
10361;20;72.55
10375;21;34.91
10388;42;76.36
10403;24;100
10417;66;100
10103;26;100
10112;29;100
10126;38;100
10140;37;100
10150;45;100
10163;21;100
10174;34;100
10183;23;100
10194;42;100
10206;47;100
10215;35;100
10228;29;100
10245;34;100
10258;32;100
10270;21;100
10280;34;100
10291;37;100
10304;47;100
10312;48;100
10322;40;100
10333;26;100
10347;30;100
10357;32;100
10369;41;100
10381;36;100
10391;24;100
10411;23;100
10424;50;100
10107;39;99.91
10120;29;96.34
10134;27;100
10145;37;100
10159;37;100
10168;27;100
10180;42;100
10188;38;96.34
10201;24;100
10210;23;100
10223;47;100
10236;22;100
10251;44;100
10263;40;100
10275;22;100
10285;47;100
10298;39;96.34
10308;34;100
10318;45;100
10329;20;100
10339;40;68.92
10361;26;51.15
10374;39;100
10388;50;44.51
10402;45;100
10417;45;100
10107;27;100
10120;46;100
10134;31;100
10145;33;100
10159;22;100
10168;20;100
10180;41;100
10188;45;100
10201;49;100
10210;34;100
10223;49;100
10237;39;100
10251;43;100
10263;41;100
10275;36;100
10285;27;100
10299;29;100
10308;20;100
10318;37;100
10329;26;100
10339;39;76.67
10362;22;100
10374;22;100
10388;21;86.77
10403;66;100
10417;56;100
10105;50;100
10119;46;100
10129;33;100
10143;49;100
10155;32;100
10167;44;100
10178;24;100
10186;26;100
10197;45;100
10209;39;100
10222;49;100
10248;20;100
10261;27;100
10273;30;100
10283;25;100
10295;24;100
10307;22;100
10316;33;100
10325;47;64.93
10337;25;48.05
10350;26;75.47
10359;48;54.68
10373;39;100
10384;34;100
10395;32;100
10400;64;100
10414;19;100
10103;42;100
10114;31;100
10126;22;100
10140;26;100
10150;20;100
10164;21;100
10175;33;100
10183;28;100
10194;26;100
10207;31;100
10217;48;100
10229;50;100
10245;28;100
10259;26;100
10270;32;100
10281;44;100
10291;30;100
10305;38;100
10313;40;100
10322;46;61.99
10334;26;100
10347;27;100
10357;43;100
10370;35;65.63
10381;37;100
10391;37;46.9
10411;27;100
10425;38;100
10108;33;100
10122;42;100
10135;42;100
10147;48;100
10159;41;100
10169;30;100
10181;27;100
10191;21;100
10203;20;100
10211;41;100
10225;27;100
10238;28;100
10253;24;100
10266;44;100
10276;50;100
10287;21;100
10300;33;100
10310;33;100
10320;31;100
10329;41;71.47
10341;45;79.65
10363;33;85.39
10375;45;76
10389;26;99.04
10419;12;100
10105;41;100
10117;33;100
10127;46;100
10142;33;100
10153;20;100
10165;44;100
10176;33;100
10185;21;100
10196;47;100
10208;46;100
10220;32;100
10231;42;100
10247;44;100
10272;35;100
10282;41;100
10293;46;100
10306;31;100
10314;38;100
10325;42;64
10336;33;57.22
10348;48;52.36
10359;42;100
10371;32;100
10382;34;100
10395;33;69.12
10413;36;100
10103;27;100
10113;21;100
10126;21;100
10140;38;100
10150;30;100
10164;49;100
10174;43;100
10183;41;100
10194;38;100
10206;28;100
10216;43;100
10229;25;100
10245;38;100
10258;41;100
10270;28;100
10281;25;100
10291;41;100
10304;39;100
10313;21;100
10322;27;100
10333;33;99.21
10347;29;100
10357;49;100
10370;49;100
10381;20;100
10391;39;63.2
10411;40;100
10424;49;100
10107;21;100
10121;50;100
10134;20;100
10145;49;100
10159;38;100
10169;35;100
10180;40;100
10189;28;100
10201;25;100
10211;36;100
10224;43;100
10237;32;100
10251;46;100
10263;48;100
10276;43;100
10285;49;100
10299;24;100
10309;26;100
10319;30;100
10329;24;100
10341;55;100
10362;22;100
10375;49;78.92
10388;44;100
10403;66;100
10417;21;100
10104;34;100
10117;43;100
10127;46;100
10142;33;100
10153;42;100
10165;34;100
10176;47;100
10185;33;100
10196;24;100
10208;26;100
10220;30;100
10230;43;100
10247;25;100
10272;27;100
10282;27;100
10293;24;100
10306;34;100
10314;46;100
10324;27;54.33
10336;33;100
10348;47;100
10358;49;55.34
10372;40;100
10382;37;100
10413;47;100
10108;45;100
10122;37;99.82
10135;48;100
10147;31;100
10160;46;100
10170;47;100
10181;28;100
10191;40;100
10203;20;100
10212;39;100
10225;25;99.82
10238;29;100
10253;22;100
10266;22;100
10276;47;100
10287;45;100
10300;29;100
10310;24;100
10320;35;100
10329;46;83.63
10341;44;95.93
10363;34;96.73
10376;35;100
10389;25;72.38
10419;10;100
10105;29;100
10117;39;100
10127;42;100
10142;46;100
10153;49;100
10165;27;100
10176;50;100
10185;43;100
10196;38;100
10208;20;100
10220;27;100
10231;49;100
10247;27;100
10272;39;100
10282;24;100
10293;45;100
10306;20;100
10314;36;100
10325;24;100
10336;49;63.38
10349;26;100
10359;49;62.09
10372;34;100
10382;34;95.35
10396;33;100
10413;22;100
10108;39;89.38
10122;32;63.84
10135;24;75.01
10147;21;63.84
10159;24;73.42
10169;36;63.84
10181;20;81.4
10191;30;64.64
10203;44;82.99
10211;28;92.57
10225;37;77.41
10238;20;74.21
10253;25;90.17
10266;35;76.61
10276;38;83.79
10287;41;69.43
10300;22;76.61
10310;49;81.4
10320;38;73.42
10329;33;100
10341;36;93.56
10363;34;81.62
10377;24;67.83
10389;36;70.26
10419;34;90.17
10104;41;100
10115;46;100
10127;24;100
10141;21;100
10151;24;100
10165;48;100
10175;26;100
10184;37;100
10195;49;100
10207;34;99.54
10219;48;100
10229;36;100
10246;46;100
10259;46;100
10271;31;97.17
10281;41;100
10292;21;100
10305;38;100
10314;45;100
10324;26;58.38
10336;38;100
10349;48;100
10358;42;64.16
10371;49;35.71
10382;32;66.58
10412;54;100
10425;33;100
10108;36;100
10122;20;100
10135;29;97.89
10147;33;97.89
10160;50;100
10170;41;100
10181;36;100
10192;27;100
10203;47;100
10212;33;100
10225;21;100
10239;21;93.28
10253;41;100
10266;40;100
10277;28;100
10287;23;100
10300;23;100
10310;25;100
10321;24;100
10329;39;64.74
10341;55;75.2
10363;46;88.45
10377;50;100
10389;47;100
10405;97;93.28
10419;32;100
10103;35;100
10113;49;100
10126;38;100
10140;32;100
10150;34;100
10164;36;99.17
10174;48;93.34
10183;21;96.84
10194;21;93.34
10206;34;100
10215;46;100
10228;32;100
10245;29;100
10258;41;100
10270;43;96.84
10280;24;100
10291;41;100
10304;46;98
10312;32;100
10322;22;100
10333;29;40.25
10347;42;49.6
10357;39;98
10370;27;100
10381;48;98
10391;29;85.1
10411;27;100
10424;54;100
10109;26;100
10122;34;100
10136;25;100
10148;23;100
10161;28;100
10171;35;100
10181;44;100
10192;22;100
10204;42;100
10212;29;100
10225;32;100
10240;41;100
10253;26;100
10266;21;100
10278;34;100
10287;41;100
10301;37;100
10310;37;100
10321;41;100
10331;46;100
10342;40;100
10356;43;97.6
10365;30;87.06
10377;35;100
10390;36;93.77
10406;61;100
10419;38;100
10102;39;100
10111;33;99.66
10125;32;100
10139;31;100
10149;50;100
10162;48;91.44
10173;43;100
10182;25;87.33
10193;28;100
10205;36;100
10215;27;89.38
10227;25;100
10244;40;100
10256;34;95.55
10280;50;100
10289;38;100
10304;37;95.55
10312;43;89.38
10322;43;86.3
10332;46;95.13
10346;42;36.11
10356;50;50.18
10369;44;100
10380;27;93.16
10391;35;100
10422;51;95.55
10102;41;50.14
10111;48;49.06
10126;42;54.99
10139;49;43.13
10149;30;58.22
10162;45;51.21
10173;48;44.21
10182;32;54.45
10193;46;53.37
10205;48;63.61
10215;33;43.13
10227;31;48.52
10244;20;58.22
10256;29;51.75
10280;27;57.68
10289;24;56.07
10304;37;48.52
10312;25;44.21
10322;41;57.68
10332;27;89.89
10347;21;58.95
10356;22;72.41
10369;32;98.63
10381;25;52.83
10391;42;100
10422;25;51.75
10110;37;100
10123;26;100
10137;44;99.55
10148;47;100
10161;43;100
10172;42;100
10181;42;100
10192;29;100
10204;40;100
10212;38;100
10226;38;100
10241;21;100
10253;24;100
10266;36;100
10278;23;100
10288;20;100
10301;32;100
10311;29;100
10321;44;100
10331;44;100
10343;36;100
10367;49;56.3
10378;34;42.64
10407;59;100
10419;37;100
10106;36;100
10119;43;100
10131;21;100
10143;32;100
10155;38;100
10167;43;100
10178;42;100
10186;32;100
10198;42;100
10210;31;100
10222;49;100
10250;45;100
10262;49;100
10274;41;100
10284;45;100
10296;36;100
10307;39;100
10316;27;100
10327;25;100
10338;41;100
10351;39;99.52
10373;28;57.55
10386;25;54.57
10398;33;100
10400;34;100
10416;24;100
10100;30;100
10110;42;100
10124;21;100
10149;34;100
10162;29;100
10173;24;100
10182;44;100
10193;21;100
10204;33;100
10214;30;100
10227;26;100
10241;41;100
10280;26;100
10288;32;100
10302;43;100
10312;48;100
10331;44;74.04
10344;45;100
10367;37;100
10379;39;100
10407;76;100
10420;37;100
10108;38;82.39
10122;43;72.38
10135;48;79.31
10147;26;82.39
10160;38;88.55
10170;20;63.14
10181;22;73.92
10192;45;90.86
10203;45;85.47
10212;20;66.99
10225;47;64.68
10239;46;73.92
10253;23;83.93
10266;33;74.69
10278;29;90.86
10287;44;82.39
10300;41;92.4
10310;20;91.63
10321;37;78.54
10329;29;100
10342;55;65.45
10363;22;100
10377;31;67.76
10389;49;79.22
10405;61;73.92
10419;39;83.93
10109;38;100
10122;31;100
10136;36;100
10148;25;100
10161;48;100
10171;35;100
10181;21;100
10192;47;100
10204;38;100
10212;41;100
10226;24;100
10240;37;100
10253;33;100
10266;49;100
10278;29;100
10287;24;100
10301;47;100
10310;24;100
10321;25;100
10331;30;32.47
10342;22;100
10356;27;64.69
10366;34;100
10377;36;100
10390;34;43.05
10406;48;100
10419;34;100
10104;24;100
10115;46;100
10127;45;100
10141;39;100
10151;43;100
10165;29;100
10176;20;100
10184;46;100
10195;27;100
10207;44;100
10219;43;100
10230;49;100
10246;40;100
10259;30;100
10271;50;100
10282;23;100
10292;26;100
10305;27;100
10314;42;100
10324;47;100
10336;49;100
10349;38;100
10358;20;100
10371;25;100
10382;25;88
10412;41;100
10425;28;100
10100;50;67.8
10110;32;50.25
10124;42;53.88
10149;24;62.36
10162;27;69.62
10173;26;57.51
10182;38;61.15
10193;42;59.33
10204;23;71.44
10214;21;62.96
10227;28;50.85
10241;33;72.65
10280;25;62.96
10288;28;61.75
10303;46;49.04
10312;30;61.15
10332;38;84.25
10344;40;56.91
10367;45;100
10379;27;49.3
10407;42;72.65
10420;36;63.57
10104;29;100
10114;39;100
10127;45;100
10141;47;100
10151;49;100
10165;46;100
10175;48;100
10184;46;100
10195;35;100
10207;43;100
10229;26;100
10246;22;98.18
10259;34;99.41
10271;50;100
10281;48;100
10292;41;100
10305;36;100
10313;29;100
10324;33;37.48
10334;46;100
10349;38;100
10358;20;36.42
10370;22;100
10383;27;100
10412;56;98.18
10425;38;99.41
10101;25;100
10110;33;100
10124;42;100
10149;33;100
10162;38;100
10173;31;100
10182;20;100
10193;44;100
10204;26;100
10214;27;100
10227;46;100
10243;47;100
10280;37;100
10288;31;100
10304;24;100
10312;31;100
10322;50;100
10332;35;64.69
10344;30;100
10356;29;100
10367;27;100
10380;40;100
10390;31;98.99
10409;6;100
10420;45;100
10103;22;54.09
10114;45;68.67
10126;43;65.02
10140;46;61.99
10151;39;69.28
10165;31;71.1
10175;41;69.28
10184;44;60.16
10194;45;70.49
10207;37;69.89
10217;35;61.38
10229;28;59.55
10246;30;61.99
10259;30;49.22
10271;25;69.28
10281;29;57.73
10291;26;57.73
10305;41;53.48
10313;34;52.87
10322;35;61.21
10334;34;61.38
10347;50;100
10357;41;61.99
10370;22;96.86
10381;35;48.62
10391;44;38.5
10412;47;61.99
10425;19;49.22
10106;34;90.39
10120;29;71.81
10133;49;69.27
10145;30;85.32
10168;21;70.96
10210;50;76.88
10223;47;100
10235;24;76.03
10250;27;98.84
10263;33;86.17
10275;35;90.39
10284;31;71.81
10297;25;82.79
10308;27;82.79
10318;31;100
10327;45;100
10339;27;100
10353;27;100
10374;42;69.27
10386;21;74.77
10398;34;76.88
10401;42;76.03
10416;15;98.84
10107;29;70.87
10120;46;58.15
10134;30;61.78
10145;30;49.67
10159;42;51.48
10168;46;61.18
10180;25;64.2
10188;32;65.42
10201;30;64.81
10210;40;49.67
10223;28;60.57
10236;23;55.72
10251;29;61.18
10263;34;58.75
10275;37;63.6
10285;20;49.06
10298;32;48.46
10308;34;52.09
10318;42;52.7
10329;38;100
10339;30;62.16
10362;23;49.67
10374;22;53.3
10389;39;100
10402;55;55.72
10417;36;61.18
10101;26;100
10110;31;100
10125;34;100
10139;41;100
10149;23;100
10162;48;100
10173;22;100
10182;21;100
10193;22;100
10205;40;100
10214;50;100
10227;29;100
10244;43;100
10255;24;100
10280;22;100
10289;43;100
10304;20;100
10312;25;100
10322;36;100
10332;24;52.67
10347;21;100
10356;30;100
10367;32;94.79
10380;21;47.18
10390;26;78.11
10421;35;100
10109;26;100
10123;46;100
10137;37;100
10148;27;100
10161;23;100
10172;39;100
10181;27;100
10192;38;100
10204;27;100
10212;40;100
10226;24;100
10241;44;100
10253;37;100
10266;20;100
10278;39;100
10287;44;100
10301;22;100
10311;43;100
10321;27;100
10331;26;64.9
10343;25;52.32
10366;49;100
10379;29;100
10407;41;100
10419;55;100
10103;27;83.07
10112;23;100
10126;31;90.17
10139;46;100
10150;47;91.18
10163;31;100
10174;46;100
10183;37;89.15
10193;28;93.21
10206;37;90.17
10215;49;100
10228;24;100
10244;30;100
10257;50;88.14
10270;31;96.24
10280;46;100
10291;47;100
10304;46;100
10312;37;100
10322;33;100
10333;31;90.17
10347;48;100
10357;41;87.13
10369;42;100
10381;41;100
10391;32;45.25
10423;10;88.14
10103;35;57.46
10111;28;64.33
10126;46;73.7
10139;20;71.2
10150;30;49.97
10163;48;69.96
10173;28;53.72
10183;39;68.08
10193;24;51.84
10206;28;67.46
10215;31;58.71
10228;45;63.71
10244;24;58.09
10257;49;53.72
10269;32;63.08
10280;43;68.71
10291;37;50.59
10304;24;64.96
10312;35;53.72
10322;41;29.87
10332;26;100
10347;34;64.96
10357;49;70.58
10369;28;44.21
10381;40;68.08
10392;37;59.96
10423;31;53.72
10106;41;83.44
10119;21;89.46
10130;40;96.34
10143;46;74.84
10155;44;79.14
10167;46;73.12
10178;41;81.72
10186;32;89.46
10197;46;87.74
10209;28;100
10222;49;94.62
10248;21;73.98
10262;32;84.3
10273;34;98.06
10283;21;98.06
10296;21;96.34
10307;31;83.44
10316;21;94.62
10327;25;45.86
10338;28;82.58
10350;43;64.97
10373;22;86.74
10386;37;93.01
10398;28;72.26
10400;30;74.84
10414;44;73.98
10103;25;100
10111;43;100
10126;30;97.39
10139;20;90.06
10150;26;100
10163;40;100
10173;31;89.01
10183;22;100
10193;23;100
10206;30;100
10215;49;100
10228;31;100
10244;29;100
10257;37;84.82
10270;38;100
10280;29;100
10291;23;100
10304;26;85.87
10312;38;100
10322;48;47.04
10332;40;39.8
10347;45;100
10357;44;100
10369;21;94.22
10381;35;100
10392;29;86.92
10423;21;84.82
10105;22;100
10117;26;100
10128;41;100
10142;47;100
10153;31;100
10166;43;100
10177;23;100
10185;28;100
10196;49;100
10208;24;100
10221;33;100
10232;22;100
10248;32;100
10273;40;100
10282;43;100
10293;24;100
10306;32;100
10314;20;100
10325;24;69.12
10336;48;100
10350;44;100
10372;28;100
10383;24;61.52
10396;33;100
10414;41;100
10104;23;100
10109;46;100
10114;48;100
10122;25;100
10127;22;100
10136;41;100
10141;34;100
10148;32;100
10151;21;100
10160;20;100
10165;47;100
10171;39;100
10175;29;100
10181;45;100
10184;28;100
10192;26;100
10195;50;100
10203;48;100
10207;25;100
10212;40;100
10225;43;100
10229;22;100
10239;47;100
10246;36;100
10253;40;100
10259;27;100
10266;29;100
10271;20;100
10278;42;100
10281;25;100
10287;36;100
10292;21;100
10301;23;100
10305;37;100
10310;48;100
10313;25;100
10321;33;100
10324;27;100
10331;27;100
10334;20;100
10342;30;100
10349;48;100
10358;32;93.49
10366;34;100
10370;27;56.85
10377;39;100
10383;47;100
10394;22;100
10405;55;100
10412;60;100
10419;35;100
10425;28;100
10105;38;100
10117;21;95.8
10128;41;100
10142;22;97.81
10153;29;88.74
10165;50;100
10177;29;100
10185;49;80.67
10196;35;100
10208;48;100
10221;23;80.67
10232;48;95.8
10248;42;100
10273;47;100
10282;36;100
10293;22;100
10306;40;91.76
10314;23;100
10326;32;100
10336;21;100
10350;41;93.04
10372;25;84.71
10383;26;100
10396;24;89.75
10414;48;100
10108;26;68.35
10122;21;73.17
10135;45;78
10147;36;86.04
10159;21;81.21
10169;32;70.76
10181;30;82.82
10191;36;94.88
10203;33;86.04
10211;35;78
10225;37;95.69
10238;41;73.17
10252;20;76.39
10265;45;86.84
10276;38;69.96
10287;43;70.76
10300;49;78.8
10310;27;80.41
10319;46;73.98
10329;38;59.1
10342;25;66.74
10363;46;60.3
10378;22;100
10390;40;100
10103;46;100
10111;39;100
10126;38;82.34
10139;30;100
10149;42;94.25
10163;43;100
10173;29;95.24
10182;33;86.31
10193;32;79.37
10206;28;87.3
10215;41;100
10227;33;100
10244;36;84.33
10257;26;89.29
10280;34;100
10290;26;96.23
10304;38;100
10312;33;100
10323;33;91.27
10333;46;100
10347;26;100
10357;25;100
10369;45;73.08
10382;50;100
10392;36;100
10423;21;89.29
10108;29;100
10122;21;100
10135;42;100
10147;37;100
10159;25;100
10169;36;100
10181;22;100
10191;23;100
10203;32;100
10211;28;100
10225;27;100
10238;49;100
10252;41;100
10265;49;100
10276;30;100
10287;40;100
10300;23;100
10310;49;100
10320;25;100
10330;37;100
10342;55;100
10355;23;100
10363;24;100
10378;43;96.49
10390;50;100
10109;47;100
10123;34;100
10137;31;100
10148;28;100
10161;36;100
10172;48;100
10181;39;100
10192;45;100
10204;35;100
10212;45;100
10226;46;100
10240;37;100
10253;31;100
10266;33;100
10278;31;100
10287;27;100
10301;39;100
10311;32;100
10321;28;100
10331;26;67.91
10343;44;84.88
10367;46;100
10379;32;70.83
10406;65;100
10419;43;100
10108;43;67.77
10122;35;49.74
10135;45;50.36
10146;47;67.14
10159;21;64.66
10169;38;68.39
10180;21;50.36
10191;43;72.74
10211;46;54.09
10224;38;58.44
10237;26;52.22
10252;31;52.84
10264;48;54.71
10276;33;50.36
10286;38;57.2
10299;39;55.95
10310;42;67.14
10319;44;59.06
10330;29;69.63
10342;26;55.95
10355;31;53.47
10363;32;89.12
10378;28;100
10390;36;100
10403;36;52.22
10106;41;100
10119;27;99.52
10130;33;100
10143;34;100
10155;29;100
10167;34;100
10178;48;100
10186;46;100
10197;22;100
10209;20;100
10222;45;85.75
10249;46;100
10262;34;100
10273;50;85.75
10283;46;100
10296;22;84.7
10307;48;86.81
10316;47;86.81
10328;34;100
10338;45;100
10351;20;100
10373;50;60.49
10386;22;57.55
10398;45;100
10400;58;100
10415;51;100
10104;38;100
10117;22;100
10127;25;100
10142;24;100
10152;35;100
10165;28;100
10176;36;100
10185;39;100
10196;27;100
10207;40;100
10220;50;100
10230;42;100
10247;48;100
10272;25;100
10282;31;100
10292;44;100
10306;23;100
10314;29;100
10324;49;100
10337;36;100
10349;34;100
10358;25;100
10372;48;100
10383;38;100
10394;37;100
10413;49;100
10100;22;86.51
10110;28;89.27
10124;36;85.59
10148;34;100
10162;39;100
10173;21;75.46
10182;36;100
10193;24;97.55
10204;29;85.59
10213;38;94.79
10227;34;100
10241;42;90.19
10280;35;100
10288;35;80.99
10302;38;89.27
10311;41;81.91
10332;50;100
10344;21;100
10367;43;62.72
10380;32;100
10407;6;90.19
10420;66;92.95
10105;41;82.5
10117;23;97.42
10128;43;92.16
10142;24;70.22
10153;22;83.38
10166;26;73.73
10177;35;74.6
10185;47;77.24
10197;50;100
10208;45;87.77
10221;39;89.53
10232;23;89.53
10248;42;75.48
10261;20;89.53
10273;33;71.09
10283;34;100
10293;49;100
10306;39;90.4
10315;36;100
10326;50;86.01
10337;29;100
10350;30;100
10372;41;86.89
10383;28;58.58
10396;45;100
10414;16;75.48
10103;36;100
10114;41;100
10126;50;100
10140;40;100
10150;49;100
10164;45;100
10175;47;100
10183;21;100
10194;32;100
10207;47;100
10217;38;100
10229;41;100
10245;21;100
10259;41;100
10270;38;100
10281;25;99.29
10291;48;100
10305;22;99.29
10313;28;100
10323;47;100
10334;49;100
10347;45;100
10357;28;100
10370;29;57.53
10382;39;100
10411;46;100
10425;38;100
10103;41;47.29
10113;50;49.81
10126;43;53.83
10140;29;43.27
10150;30;42.76
10164;25;53.83
10174;49;44.78
10183;40;49.3
10194;41;44.78
10206;21;53.33
10215;46;45.28
10229;39;40.25
10245;45;59.87
10258;21;59.87
10270;44;58.36
10281;44;59.87
10291;29;51.82
10304;34;49.3
10312;39;56.85
10324;38;100
10333;24;79.86
10348;29;100
10358;30;100
10370;20;100
10382;39;100
10411;35;59.87
10424;26;59.87
10108;44;100
10122;28;100
10135;31;100
10146;29;100
10159;32;100
10169;33;100
10180;44;100
10191;32;100
10211;41;100
10225;35;100
10238;44;100
10252;26;100
10264;20;100
10276;48;100
10287;34;100
10299;49;100
10310;40;100
10319;45;100
10330;50;100
10342;38;100
10355;25;100
10363;28;58.18
10378;49;67.14
10390;49;100
10110;42;61.29
10124;23;57.73
10148;29;81.25
10161;25;80.54
10173;39;71.98
10182;44;69.84
10193;25;76.26
10204;45;76.26
10213;25;83.39
10227;37;57.73
10241;30;66.99
10267;36;75.55
10279;26;60.58
10288;23;73.41
10302;23;72.7
10311;25;66.99
10332;21;100
10344;26;63.43
10367;44;85.25
10380;24;100
10407;66;66.99
10420;36;57.73
10110;36;85.25
10124;22;77.9
10148;25;60.26
10161;37;72.76
10172;32;75.69
10182;47;74.22
10192;37;69.82
10204;20;62.47
10212;41;82.31
10226;21;60.26
10241;22;76.43
10267;40;80.1
10279;32;74.96
10288;36;66.14
10301;27;72.02
10311;26;87.45
10321;30;70.55
10332;23;56.84
10344;29;59.53
10367;21;60.37
10380;34;100
10407;26;76.43
10420;60;64.67
10104;35;55.49
10115;47;69.36
10127;20;60.69
10141;20;54.33
10152;25;65.31
10165;25;69.36
10176;27;68.78
10184;31;60.11
10195;44;66.47
10207;49;46.82
10220;26;56.07
10230;36;54.33
10246;44;52.6
10259;28;46.82
10271;45;64.74
10282;29;46.82
10292;40;53.75
10305;45;61.85
10314;44;53.18
10324;25;69.16
10336;45;100
10349;48;47.4
10358;44;60.76
10371;25;97.27
10383;22;91.76
10394;31;50.29
10412;21;52.6
10425;55;46.82
10107;25;100
10120;35;98.05
10134;35;93.54
10145;43;95.8
10159;44;100
10168;50;100
10180;48;100
10188;25;100
10201;39;100
10211;25;90.16
10223;32;91.29
10237;20;100
10251;26;100
10263;42;100
10275;21;100
10285;34;100
10299;47;100
10309;21;100
10318;48;100
10329;30;87.78
10339;27;84.39
10362;50;96.92
10374;38;100
10389;45;100
10403;46;100
10417;35;100
10110;29;59.37
10123;50;59.87
10137;26;49.81
10148;47;56.85
10161;23;53.33
10172;34;42.76
10181;34;53.83
10192;47;53.83
10204;45;49.81
10212;45;53.33
10226;36;43.27
10241;21;40.25
10266;28;48.3
10278;35;45.28
10288;50;52.32
10301;22;51.32
10311;45;49.3
10321;48;42.26
10332;20;87.96
10343;27;36.21
10367;38;38.5
10379;32;100
10407;64;40.25
10420;37;60.37
10106;28;88.63
10120;39;100
10133;41;94.1
10145;40;87.54
10168;49;100
10210;27;98.48
10223;34;100
10235;23;96.29
10250;31;88.63
10262;34;97.38
10275;25;95.2
10284;22;100
10297;32;100
10308;31;100
10316;25;100
10328;47;87.54
10339;21;50.65
10353;28;71.73
10374;46;94.1
10386;33;41.71
10398;43;100
10401;38;96.29
10416;47;88.63
10101;45;31.2
10110;20;35.51
10124;45;37.84
10149;36;33.19
10162;37;27.22
10173;31;31.53
10182;39;36.84
10193;26;29.21
10205;32;37.17
10214;20;34.19
10227;42;29.21
10243;33;29.54
10280;20;28.88
10288;29;38.17
10304;23;30.2
10312;39;29.54
10322;20;100
10332;45;81.91
10344;20;35.18
10356;48;100
10367;23;36.29
10380;32;70.56
10391;33;100
10409;61;29.54
10420;45;26.88
10107;38;83.03
10120;34;83.79
10134;43;83.03
10145;47;83.03
10158;22;67.03
10168;29;75.41
10180;28;68.55
10188;40;91.4
10201;25;73.88
10210;30;61.7
10223;38;69.31
10236;36;87.6
10250;32;87.6
10263;37;62.46
10275;30;79.98
10285;39;70.08
10297;32;65.51
10308;47;63.22
10318;26;86.83
10329;37;94.43
10340;55;79.98
10363;21;100
10375;23;100
10389;49;81.4
10402;59;87.6
10416;32;87.6
10105;43;100
10117;41;100
10129;45;100
10142;33;100
10153;40;100
10167;33;100
10177;50;100
10185;30;100
10197;41;100
10208;35;100
10221;49;100
10232;46;100
10248;48;100
10261;36;100
10273;22;100
10283;42;100
10293;21;100
10306;29;100
10315;35;100
10326;41;100
10337;29;71.97
10350;34;50.33
10372;37;100
10384;28;80.54
10396;49;100
10414;23;100
10101;46;53.76
10110;39;44.35
10124;22;45.25
10149;49;49.28
10162;43;36.29
10173;27;41.22
10182;31;36.74
10193;20;50.62
10205;24;38.08
10214;49;47.94
10227;24;48.38
10244;39;45.25
10255;37;45.7
10280;45;47.49
10289;45;48.38
10304;44;39.42
10312;23;37.63
10322;30;100
10332;26;85.52
10345;43;53.76
10356;26;31.86
10367;28;30.59
10380;27;68.35
10391;24;100
10421;40;45.7
10103;36;100
10114;21;100
10126;27;100
10140;47;100
10151;42;100
10165;32;100
10175;28;100
10184;24;100
10194;49;100
10207;46;100
10217;28;100
10229;48;100
10246;29;100
10259;47;100
10271;43;100
10281;25;100
10291;48;100
10305;24;100
10313;42;100
10324;31;100
10334;42;100
10348;37;100
10358;41;100
10371;20;100
10382;20;100
10412;70;100
10425;49;100
10108;35;58.87
10121;32;76.88
10135;29;61.64
10145;27;60.95
10159;27;80.34
10169;38;74.11
10180;35;72.03
10190;42;76.19
10211;21;63.72
10224;37;80.34
10237;26;79.65
10252;47;65.8
10264;37;65.1
10276;46;75.49
10285;38;59.56
10299;33;66.49
10309;24;56.1
10319;31;81.73
10330;42;81.03
10341;32;100
10355;41;70.65
10363;43;61.23
10375;20;100
10390;35;65.13
10403;27;79.65
10110;43;78.15
10124;32;72.7
10148;21;73.6
10161;20;100
10172;22;74.51
10182;36;73.6
10192;46;83.6
10204;47;96.32
10212;45;88.14
10227;47;88.14
10241;47;94.5
10267;38;87.24
10279;49;79.97
10288;35;80.87
10302;49;100
10311;28;93.6
10321;30;72.7
10332;39;86.72
10346;25;100
10368;40;100
10380;36;37.5
10407;76;94.5
10420;39;100
10104;44;39.6
10114;24;30.06
10127;39;38.19
10141;21;42.43
10151;30;40.31
10165;27;31.82
10175;37;31.12
10184;42;31.82
10195;32;28.29
10207;42;29.7
10219;21;40.31
10229;33;32.88
10246;49;36.07
10259;31;33.24
10271;38;41.72
10281;20;40.66
10292;39;30.06
10305;48;31.47
10314;39;37.13
10324;30;100
10335;33;37.13
10349;36;37.13
10358;36;82.94
10371;45;100
10383;40;100
10394;46;38.9
10412;30;36.07
10425;31;33.24
10106;49;74.68
10119;41;59.6
10131;35;67.14
10143;27;60.97
10155;23;72.62
10167;21;69.88
10178;34;80.84
10186;22;69.2
10198;48;67.82
10209;43;82.21
10222;32;81.53
10249;20;67.82
10262;24;67.14
10274;40;65.08
10284;30;73.99
10296;21;71.25
10307;25;75.36
10316;34;63.71
10328;48;58.92
10339;55;100
10351;25;74.68
10373;38;70.44
10386;39;55.96
10398;28;57.55
10400;24;61.66
10415;21;67.82
10110;46;100
10124;25;93.95
10148;34;100
10161;25;100
10173;23;100
10182;20;100
10192;23;100
10204;42;100
10213;27;100
10227;33;100
10241;28;98.65
10267;43;100
10279;48;100
10288;48;100
10302;45;100
10311;43;100
10332;44;42.26
10346;24;87.24
10368;31;100
10380;44;36.29
10407;59;98.65
10420;55;96.3
10109;29;32.1
10122;39;30.96
10135;20;35.87
10147;25;42.67
10160;42;37
10171;36;35.49
10181;37;42.67
10192;30;30.59
10203;21;37
10212;34;43.42
10225;42;36.63
10239;20;44.56
10253;40;42.67
10266;34;40.4
10278;31;38.89
10287;36;39.65
10301;48;34.36
10310;33;41.91
10321;37;33.23
10331;27;42.24
10342;39;40.4
10355;36;38.52
10367;36;100
10378;41;100
10390;37;100
10405;47;44.56
10419;15;42.67
10105;44;72.58
10119;35;87.62
10129;41;94.71
10142;49;98.25
10154;31;91.17
10167;20;79.66
10177;45;72.58
10185;33;74.35
10197;47;83.2
10208;20;89.4
10222;47;70.81
10233;40;94.71
10248;30;100
10261;22;91.17
10273;27;100
10283;34;92.94
10295;46;84.97
10306;31;84.08
10315;24;86.74
10326;41;85.85
10339;55;100
10350;30;100
10373;33;57.32
10384;43;97.87
10396;27;83.2
10414;60;100
10110;27;73.62
10124;49;83.04
10148;31;73.62
10161;20;77.05
10172;24;81.33
10182;33;94.17
10192;32;72.77
10204;40;79.62
10212;27;79.62
10227;40;79.62
10241;26;81.33
10267;44;96.74
10279;33;71.06
10288;34;68.49
10302;48;74.48
10311;25;83.04
10321;39;84.75
10332;45;34.19
10346;24;100
10368;46;79.62
10380;44;79.06
10407;13;81.33
10420;35;96.74
10108;30;63.07
10122;34;50.21
10135;27;66.13
10147;30;68.58
10159;50;69.8
10169;34;50.21
10181;23;65.52
10191;48;60.01
10203;34;64.9
10211;48;48.98
10225;24;50.21
10238;47;62.45
10253;24;52.66
10266;47;62.45
10276;20;61.23
10287;20;67.97
10300;31;58.78
10310;38;56.94
10320;26;61.23
10331;25;100
10342;48;62.45
10355;44;62.45
10363;21;100
10378;46;41.54
10390;46;52.84
10419;55;52.66
10106;31;52.6
10119;20;72.98
10131;29;59.18
10143;33;77.59
10155;34;55.89
10167;32;63.12
10178;27;73.64
10186;21;69.04
10198;27;71.67
10209;36;77.59
10222;43;70.35
10249;25;69.7
10262;46;70.35
10274;24;72.33
10284;39;71.67
10296;31;53.92
10307;22;71.67
10316;47;76.93
10328;20;72.98
10339;29;99.69
10351;38;68.38
10361;34;100
10373;46;66
10386;35;63.76
10398;34;71.67
10400;38;57.2
10415;18;69.7
10110;37;100
10124;43;100
10148;27;100
10161;30;100
10172;22;98.51
10182;49;100
10192;46;100
10204;48;91.02
10212;46;87.81
10226;48;92.09
10241;27;86.73
10267;43;100
10279;48;100
10288;41;100
10301;22;96.37
10311;46;92.09
10321;21;89.95
10332;31;37.18
10346;26;95.88
10368;20;99.58
10380;34;100
10407;43;86.73
10420;26;100
10105;50;79.67
10119;35;90.57
10129;50;77.99
10143;23;80.51
10155;37;67.93
10167;29;83.86
10178;21;72.12
10186;36;85.54
10197;22;86.38
10209;22;89.73
10222;46;80.51
10248;23;76.31
10262;49;87.21
10273;48;83.02
10283;33;72.96
10296;22;77.15
10307;22;91.41
10316;25;92.25
10326;20;92.25
10339;42;59.36
10350;25;60.34
10373;23;100
10385;37;85.54
10396;37;90.57
10400;42;72.96
10414;51;76.31
10108;40;100
10122;43;100
10135;47;100
10147;23;100
10160;35;100
10170;34;100
10181;25;100
10192;45;100
10203;47;100
10212;49;100
10225;40;100
10239;29;100
10253;39;100
10266;24;100
10278;25;100
10287;36;100
10301;50;100
10310;45;100
10321;26;100
10331;21;100
10342;42;100
10355;32;100
10363;31;94.58
10378;33;53.27
10390;45;100
10405;76;100
10419;70;100
10106;50;64.83
10119;28;70.29
10131;50;81.89
10143;28;66.19
10155;44;77.11
10168;27;73.02
10178;30;72.33
10198;43;66.19
10210;29;69.6
10222;48;56.64
10235;33;60.05
10250;40;75.06
10262;48;61.42
10275;41;81.89
10284;21;55.96
10296;32;71.65
10308;43;76.43
10316;30;77.79
10328;35;76.43
10339;45;96.92
10351;34;59.37
10361;26;100
10373;39;73
10386;41;73.32
10398;41;68.24
10401;64;60.05
10416;18;75.06
10100;49;34.47
10110;48;34.47
10124;46;33.23
10149;26;38.98
10162;37;38.98
10173;35;33.23
10182;23;42.26
10193;22;41.03
10204;39;33.23
10214;44;34.88
10227;27;43.9
10242;46;36.93
10280;33;41.85
10288;33;40.62
10303;24;40.21
10312;31;35.29
10332;41;77.24
10346;22;97.44
10368;46;37.34
10380;43;95.03
10408;15;36.93
10420;15;43.49
10104;26;100
10115;44;100
10127;20;96.99
10141;40;94.62
10152;23;100
10165;24;99.36
10176;29;100
10184;49;100
10195;34;100
10207;28;100
10220;37;100
10230;45;100
10246;46;100
10271;22;100
10282;39;100
10292;27;100
10305;36;100
10314;38;100
10325;44;100
10336;31;100
10349;23;100
10359;22;100
10371;28;50.32
10383;21;93.91
10394;37;100
10412;31;100
10103;25;100
10111;26;86.68
10126;34;100
10139;29;100
10149;20;90.57
10163;42;91.55
10173;22;100
10183;47;100
10193;20;100
10206;33;97.39
10215;39;90.57
10228;33;100
10244;40;86.68
10257;46;78.89
10269;48;97.39
10280;21;78.89
10290;45;100
10304;33;100
10312;44;100
10324;33;100
10333;39;100
10348;39;50.31
10358;41;100
10369;40;86.92
10382;33;100
10423;28;78.89
10106;26;63.76
10120;29;85.49
10133;46;77.52
10145;33;84.77
10168;48;78.25
10210;40;71
10223;23;74.62
10235;40;81.14
10250;37;74.62
10263;24;75.35
10275;27;62.31
10284;21;71
10297;23;72.45
10308;44;83.32
10317;35;83.32
10328;43;60.86
10340;40;84.77
10353;35;89.9
10361;25;62.46
10375;43;100
10386;50;63.34
10398;45;78.25
10401;52;81.14
10416;48;74.62
10108;31;68.71
10122;29;71.14
10135;23;87.31
10147;31;64.67
10159;23;67.1
10169;24;94.58
10180;28;71.14
10191;44;66.29
10211;22;92.16
10225;46;70.33
10238;22;93.77
10252;38;87.31
10264;47;83.27
10276;48;75.18
10287;40;88.12
10299;32;80.84
10310;49;97.01
10319;43;85.69
10331;41;100
10343;30;100
10355;28;95.39
10363;43;100
10378;41;100
10390;30;82.42
10103;31;100
10114;32;100
10126;43;96.31
10140;26;100
10151;27;100
10164;24;100
10175;22;100
10184;46;100
10194;37;97.27
10207;49;80.9
10217;21;100
10229;25;100
10245;37;100
10259;45;86.68
10270;32;85.72
10281;29;82.83
10291;26;83.79
10305;28;100
10313;27;87.64
10324;20;98.18
10335;44;100
10348;42;100
10358;41;100
10371;26;100
10382;26;100
10411;26;100
10425;41;86.68
10107;20;92.9
10120;22;100
10133;23;100
10145;33;93.9
10168;28;100
10188;44;98.89
10210;46;79.91
10223;21;100
10235;41;100
10250;31;100
10263;31;79.91
10275;23;81.91
10285;37;98.89
10297;26;100
10308;24;79.91
10318;47;100
10329;45;63.91
10340;55;100
10353;46;81.17
10363;50;100
10375;37;100
10387;44;94.9
10401;49;100
10416;45;100
10108;27;43.45
10122;31;44.66
10135;33;40.23
10145;31;35.8
10159;35;35.4
10169;26;39.83
10180;34;45.46
10190;46;32.99
10211;41;42.24
10224;43;39.43
10237;26;40.23
10252;36;48.28
10264;20;32.59
10276;27;36.61
10285;37;41.03
10299;24;42.24
10310;36;43.05
10319;29;38.22
10331;28;100
10343;29;100
10355;38;39.83
10364;48;48.28
10378;40;82.46
10390;41;44.56
10403;30;40.23
10104;35;47.62
10114;28;55.73
10127;45;51.95
10141;24;45.99
10151;41;63.85
10165;48;45.99
10175;50;63.31
10184;33;62.77
10195;32;43.29
10207;27;60.06
10219;35;55.19
10229;23;54.11
10246;35;48.7
10259;40;43.83
10271;35;47.62
10281;31;55.19
10292;50;46.53
10305;40;57.9
10313;38;45.45
10325;38;100
10335;40;60.6
10349;33;46.53
10359;36;100
10371;20;66.47
10383;32;53.18
10394;36;62.77
10412;19;48.7
10425;11;43.83
10104;49;65.87
10116;27;63.38
10127;29;70.84
10142;42;74.57
10152;33;50.95
10165;44;53.44
10176;22;64
10184;48;50.95
10195;33;54.68
10207;45;56.55
10220;20;52.82
10230;46;60.9
10247;40;49.71
10272;45;64.63
10282;36;59.65
10292;31;67.73
10306;46;50.33
10314;35;66.49
10325;28;100
10336;31;84.71
10350;27;100
10359;22;100
10371;30;99.55
10383;44;36.07
10394;30;60.28
10413;24;49.71
10103;45;75.63
10113;23;68.52
10126;26;62.7
10140;28;60.76
10150;49;58.18
10164;49;54.94
10175;29;74.98
10183;49;64.64
10194;39;54.94
10206;36;58.82
10217;39;62.05
10229;30;73.04
10245;44;69.16
10258;20;61.41
10270;21;63.35
10281;36;77.57
10291;32;71.75
10304;36;73.04
10313;34;56.24
10324;48;100
10333;33;73.69
10348;31;100
10358;36;100
10370;25;100
10382;48;100
10411;27;69.16
10424;44;61.41
10106;33;72.92
10120;29;72.23
10133;49;57.1
10144;20;81.86
10168;31;73.61
10210;39;59.16
10223;20;66.04
10235;34;77.73
10250;50;61.22
10262;40;79.11
10275;28;63.97
10284;50;81.86
10297;28;79.8
10308;46;66.04
10316;24;59.16
10328;24;81.17
10340;39;59.16
10353;40;44.51
10361;49;72.33
10375;44;82.26
10388;35;100
10398;22;67.41
10401;62;77.73
10416;26;61.22
10108;31;100
10121;25;86.74
10135;30;89.8
10145;27;100
10159;23;100
10169;34;100
10180;22;100
10190;42;85.72
10211;37;100
10224;30;100
10237;27;100
10252;25;100
10264;34;97.97
10276;38;100
10285;26;100
10299;38;100
10309;50;84.7
10319;22;100
10331;32;100
10341;31;71.02
10355;40;100
10365;22;100
10375;41;100
10390;45;48.98
10403;45;100
10106;39;40.15
10120;49;50.62
10133;27;50.19
10143;34;36.66
10156;20;41.02
10168;48;51.93
10199;29;38.4
10210;43;41.02
10223;41;46.26
10235;41;35.35
10250;36;51.93
10262;49;37.97
10275;38;45.39
10284;33;51.93
10296;26;48.44
10308;47;43.64
10316;34;47.57
10328;34;51.93
10340;40;50.62
10353;40;82.21
10361;33;82.59
10375;49;65.8
10388;27;100
10398;49;36.66
10401;56;35.35
10416;37;51.93
10104;33;100
10115;27;100
10127;46;100
10141;44;100
10151;26;100
10165;48;94.92
10176;23;100
10184;45;100
10195;49;100
10207;28;94.92
10220;37;100
10230;34;100
10246;22;100
10259;29;100
10271;34;98.39
10282;38;100
10292;41;100
10305;42;100
10314;28;100
10325;38;100
10336;23;100
10350;31;71.4
10359;46;100
10371;48;56.55
10383;29;100
10395;46;100
10412;26;100
10425;18;100
10104;32;53.31
10117;21;49.21
10127;46;69.12
10142;42;49.79
10153;31;57.41
10165;38;66.78
10176;38;64.44
10185;20;48.62
10196;46;62.09
10208;30;65.61
10220;30;68.54
10230;43;52.14
10247;49;63.85
10272;43;56.82
10282;37;66.78
10292;35;55.07
10306;34;60.34
10314;38;61.51
10325;44;100
10337;21;100
10350;44;100
10359;25;64.93
10372;24;58.58
10383;38;60.06
10395;45;100
10413;51;63.85
10108;34;82.99
10121;44;74.85
10135;44;96
10145;38;81.36
10159;31;71.6
10169;48;80.55
10180;21;93.56
10190;40;66.72
10211;40;80.55
10224;50;77.29
10237;20;68.34
10252;48;72.41
10264;47;89.5
10276;21;70.78
10285;39;78.92
10299;44;80.55
10309;28;88.68
10319;45;77.29
10331;20;100
10341;38;100
10356;26;100
10365;44;100
10375;49;100
10390;22;100
10403;31;68.34
10105;41;70.67
10119;25;76.67
10129;31;60
10142;41;64
10153;43;64.67
10167;43;75.34
10177;24;76
10185;21;54
10197;23;64.67
10208;38;74.67
10222;31;62.67
10233;36;70.67
10248;36;71.34
10261;34;62
10273;21;65.34
10283;45;78.67
10295;26;75.34
10306;50;54
10315;41;62
10326;39;60
10339;22;100
10350;46;76.67
10373;44;100
10385;25;77.34
10396;39;66.67
10414;37;71.34
10106;31;100
10120;47;82.21
10133;24;77.64
10143;36;100
10156;48;100
10168;28;98.65
10199;48;83.12
10210;21;78.55
10223;25;100
10235;25;100
10250;31;91.34
10262;40;84.03
10275;32;89.51
10284;24;83.12
10296;42;100
10308;21;100
10316;34;82.21
10328;27;100
10340;30;88.6
10353;39;100
10361;20;60.54
10375;37;81.87
10388;46;100
10398;47;87.69
10401;11;100
10416;23;91.34
10105;29;70.15
10117;38;79.68
10128;32;97
10142;43;84.01
10153;31;87.48
10166;29;100
10177;31;88.34
10185;30;94.4
10196;50;94.4
10208;40;80.55
10221;23;97
10232;26;88.34
10248;40;100
10273;21;100
10282;43;86.61
10293;29;71.89
10306;38;91.81
10314;23;76.22
10327;20;100
10337;36;70.3
10350;28;100
10372;44;100
10384;49;100
10397;32;80.55
10414;34;100
10106;30;100
10119;29;94.14
10131;22;85.99
10143;26;100
10155;32;91.43
10167;29;100
10178;34;96.86
10186;24;99.57
10197;24;90.52
10209;33;88.71
10222;26;100
10249;40;95.95
10262;44;94.14
10274;24;90.52
10283;20;94.14
10296;34;100
10307;34;97.76
10316;45;93.24
10328;41;100
10339;55;71.25
10352;23;100
10361;24;45.39
10373;32;84.41
10386;29;85.76
10398;36;100
10400;46;87.8
10415;32;95.95
10106;34;100
10120;24;100
10131;40;100
10143;26;82.77
10155;20;100
10168;31;100
10178;22;87.75
10198;42;100
10210;26;99.72
10222;37;87.75
10235;38;88.75
10250;35;100
10262;33;90.75
10275;39;100
10284;45;100
10296;24;100
10308;35;88.75
10316;23;100
10328;37;100
10340;55;87.75
10352;49;100
10361;26;100
10375;33;100
10386;37;83.84
10398;22;86.76
10401;85;88.75
10416;22;100
10105;31;65.77
10119;38;65.77
10129;45;85.29
10143;31;85.29
10154;36;64.33
10167;46;70.11
10177;32;76.62
10185;39;57.82
10197;50;78.79
10208;46;74.45
10222;36;80.95
10233;29;82.4
10248;32;75.89
10261;44;68.67
10273;42;62.16
10283;47;65.77
10295;44;58.55
10306;43;75.17
10316;48;74.45
10327;21;96.31
10339;50;74.35
10350;29;75.35
10373;41;70.33
10386;37;100
10397;22;66.5
10414;31;75.89
10103;42;100
10114;42;100
10126;45;100
10140;36;100
10150;20;100
10164;39;81.93
10175;42;85.98
10183;23;86.99
10194;26;89.01
10206;33;100
10217;31;88
10229;50;100
10245;44;100
10258;45;80.92
10270;46;88
10281;27;85.98
10291;28;100
10304;40;100
10313;30;99.13
10324;34;100
10336;46;100
10348;32;82.83
10358;27;100
10371;34;100
10382;34;54.84
10411;34;100
10424;46;80.92
10106;32;100
10120;24;100
10133;27;99.67
10145;20;100
10168;36;100
10188;29;100
10210;25;100
10223;29;100
10235;25;96.11
10250;44;100
10263;47;100
10275;48;100
10285;45;100
10297;35;100
10308;31;100
10318;50;100
10328;33;100
10340;29;100
10353;48;68.8
10361;44;72.42
10375;25;66.73
10388;50;100
10398;23;100
10401;21;96.11
10416;41;100
10106;44;74.4
10120;43;76
10143;28;96
10155;43;86.4
10168;48;96
10199;38;82.4
10210;31;86.4
10223;26;67.2
10235;32;92
10250;44;67.2
10262;27;76
10275;43;73.6
10284;25;69.6
10296;22;80.8
10308;21;87.2
10316;48;75.2
10328;33;64
10341;34;100
10353;43;81.95
10361;44;100
10375;44;100
10386;32;94.34
10398;29;65.6
10401;77;92
10416;39;67.2
10105;39;81.14
10118;36;100
10129;42;91.15
10142;21;100
10153;50;88.15
10167;24;100
10177;44;92.16
10185;37;100
10197;27;92.16
10208;37;100
10222;38;100
10232;48;96.16
10248;30;100
10261;25;88.15
10273;40;86.15
10283;22;88.15
10295;34;100
10306;32;90.15
10315;31;86.15
10327;43;80
10337;31;89.38
10350;31;77.34
10373;34;96.34
10386;45;92.08
10397;48;100
10414;28;100
10105;22;100
10117;45;83.42
10129;30;85.41
10142;38;85.41
10153;20;100
10167;28;100
10177;24;100
10185;22;79.45
10197;35;93.35
10208;33;85.41
10222;31;95.34
10232;35;82.43
10248;35;90.37
10261;50;81.43
10273;26;100
10283;38;89.38
10294;45;100
10306;30;100
10315;37;91.37
10327;37;86.61
10337;36;71.89
10350;25;100
10373;37;100
10386;30;95.48
10397;36;100
10414;27;90.37
10106;48;61.44
10119;26;59.22
10131;26;85.13
10143;34;85.87
10155;44;85.87
10168;39;82.91
10178;45;76.25
10198;40;63.67
10210;42;70.33
10222;43;74.03
10235;34;72.55
10250;38;62.19
10262;35;71.07
10275;31;72.55
10284;32;64.41
10296;47;86.62
10308;39;68.11
10316;44;62.19
10328;39;85.87
10339;50;57.86
10352;22;75.51
10361;35;100
10373;45;55.62
10386;44;86.4
10398;36;87.36
10401;28;72.55
10416;43;62.19
10106;48;52.64
10119;28;48.17
10131;21;41.71
10143;37;50.65
10155;34;49.16
10167;40;41.71
10178;45;51.15
10186;28;52.14
10197;29;41.71
10209;48;44.69
10222;31;45.69
10249;32;57.61
10262;21;57.11
10274;32;58.6
10283;43;57.61
10296;21;45.19
10307;34;53.63
10316;34;43.7
10329;44;86.13
10339;27;76.31
10352;49;52.64
10361;23;95.2
10373;25;64.97
10386;50;87.15
10398;34;40.22
10400;20;56.12
10415;42;57.61
10105;25;56.78
10117;50;43.68
10129;32;64.97
10142;39;44.23
10153;50;60.06
10167;38;48.59
10177;40;50.23
10185;28;64.43
10197;42;50.23
10208;42;63.88
10222;36;63.34
10232;24;49.69
10248;23;65.52
10261;29;50.78
10273;37;45.86
10283;33;51.32
10293;32;60.06
10306;35;59.51
10315;40;55.69
10327;37;86.74
10337;42;97.16
10350;20;100
10373;29;100
10386;43;100
10397;34;62.24
10414;47;65.52
